SampleID	YLD
train1	-0.979197
train2	0.889423
train3	0.399277
train4	0.472546
train5	1.013223
train6	0.218883
train7	1.701955
train8	0.413425
train9	0.035457
train10	0.509433
train11	0.734294
train12	0.739348
train13	0.861631
train14	0.063248
train15	0.356831
train16	0.254034
train17	-0.194963
train18	0.321460
train19	0.511960
train20	-0.511789
train21	0.091546
train22	-0.306635
train23	0.196144
train24	-1.757567
train25	-0.787686
train26	-1.256105
train27	0.607968
train28	-0.480460
train29	-0.426898
train30	0.202207
train31	-1.238277
train32	0.066280
train33	-1.247009
train34	-0.911486
train35	-0.855903
train36	-1.264695
train37	-1.671497
train38	-1.642158
train39	-1.039329
train40	1.003117
train41	-0.581522
train42	-1.149621
train43	-0.689657
train44	-1.061057
train45	-1.346049
train46	-0.556762
train47	0.373070
train48	0.431616
train49	1.605441
train50	1.275982
train51	1.600893
train52	1.666583
train53	1.007160
train54	1.323986
train55	1.614537
train56	1.128938
train57	1.608473
train58	1.963198
train59	1.322975
train60	-0.614872
train61	0.085987
train62	1.033941
train63	1.590282
train64	0.879823
train65	1.364916
train66	1.154709
train67	1.033941
train68	1.254254
train69	1.744906
train70	1.567038
train71	-0.385968
train72	1.033941
train73	0.970777
train74	2.113779
train75	0.972293
train76	2.329039
train77	0.969261
train78	1.950565
train79	1.777245
train80	1.517013
train81	-0.071163
train82	-0.354134
train83	0.167847
train84	-0.730081
train85	-1.090870
train86	0.309838
train87	0.540257
train88	-0.003957
train89	-0.395569
train90	1.386644
train91	-0.830132
train92	0.351273
train93	1.395893
train94	-0.131294
train95	-0.863750
train96	-0.164576
train97	-0.299561
train98	0.597862
train99	0.171889
train100	-0.173235
train101	0.651930
train102	0.363905
train103	-0.191426
train104	0.804026
train105	-0.492082
train106	-0.600723
train107	0.067291
train108	-0.093902
train109	-0.103502
train110	-0.892790
train111	0.974314
train112	0.955618
train113	0.290130
train114	0.477599
train115	0.089019
train116	0.245158
train117	0.573607
train118	0.487705
train119	-0.945342
train120	-0.523411
train121	0.479115
train122	-0.401633
train123	0.503370
train124	-1.440036
train125	-0.804361
train126	-1.530991
train127	-1.127757
train128	-0.932547
train129	-1.375862
train130	-1.088848
train131	-2.021643
train132	-1.823057
train133	-1.672982
train134	0.176942
train135	-0.425382
train136	-0.826595
train137	-1.646026
train138	-1.565191
train139	-1.501683
train140	-1.566868
train141	-2.168687
train142	-1.208101
train143	-1.728060
train144	-1.320278
train145	-1.157333
train146	-1.584553
train147	-0.833669
train148	-2.006483
train149	-1.053982
train150	-1.213659
train151	-2.076216
train152	-2.110071
train153	-1.375636
train154	0.844451
train155	-1.404664
train156	-0.863482
train157	-0.532002
train158	-1.915528
train159	-0.402643
train160	-0.739177
train161	-0.995367
train162	-0.110071
train163	-0.337459
train164	-0.648222
train165	0.093062
train166	0.888413
train167	0.694375
train168	0.628180
train169	0.191091
train170	0.229494
train171	-1.131799
train172	-1.052466
train173	-1.060551
train174	-0.461259
train175	-0.731597
train176	-0.137863
train177	-1.364240
train178	-0.782633
train179	-1.721491
train180	-0.987282
train181	-0.442563
train182	-1.133660
train183	0.696396
train184	0.223936
train185	0.861126
train186	-0.261158
train187	0.022824
train188	0.075376
train189	-0.612345
train190	0.075881
train191	-0.490061
train192	-0.900875
train193	-0.637105
train194	0.101146
train195	-0.632557
train196	-1.077732
train197	0.758549
train198	0.191596
train199	0.116811
train200	0.098114
train201	0.333587
train202	1.552384
train203	0.073860
train204	-0.212143
train205	0.576639
train206	-2.253824
train207	0.765118
train208	-0.603250
train209	-0.684604
train210	-0.690668
train211	-0.076216
train212	-0.200016
train213	-0.089354
train214	-0.445594
train215	-2.255615
train216	0.098114
train217	1.034951
train218	1.042026
train219	0.813854
train220	1.415952
train221	-0.416287
train222	-0.395064
train223	1.529645
train224	1.356831
train225	0.332071
train226	0.544805
train227	0.343693
train228	0.339877
train229	-1.322300
train230	-1.336954
train231	-0.803029
train232	1.519034
train233	0.234042
train234	1.289120
train235	1.072849
train236	1.641318
train237	-0.498146
train238	1.889928
train239	-0.751810
train240	-1.093902
train241	1.023835
train242	0.367442
train243	1.502028
train244	0.567543
train245	0.297710
train246	0.653446
train247	1.056680
train248	1.068807
train249	1.311859
train250	0.961177
train251	0.504886
train252	0.777245
train253	0.276487
train254	1.198165
train255	0.081439
train256	1.637276
train257	0.860115
train258	0.283057
train259	0.830808
train260	0.749959
train261	0.238084
train262	-1.539076
train263	0.061227
train264	0.848999
train265	0.347736
train266	-0.668434
train267	-0.347060
train268	0.074870
train269	0.176942
train270	1.154709
train271	-0.391021
train272	-0.032760
train273	0.678711
train274	-1.574447
train275	-0.965554
train276	-0.541095
train277	0.499833
train278	0.665573
train279	-0.520885
train280	-1.620017
train281	0.159256
train282	-1.319268
train283	1.274971
train284	0.055164
train285	1.095083
train286	0.359358
train287	0.916205
train288	0.895487
train289	1.621611
train290	0.184016
train291	0.799984
train292	1.178963
train293	-1.165655
